customer_id,customer_name,email,registration_date,customer_type
1,Emma Taylor,emma.taylor@gmail.com,2026-04-24,REGULAR
2,Aarav Gupta,aarav.gupta@yahoo.com,2024-04-21,REGULAR
3,Aarav Taylor,aarav.taylor@yahoo.com,2026-01-21,REGULAR
4,Meera Wilson,meera.wilson@outlook.com,2023-01-14,PREMIUM
5,Sai Malhotra,sai.malhotra@outlook.com,2024-07-23,REGULAR
6,Sophia Mehta,sophia.mehta@gmail.com,2023-07-09,REGULAR
7,Diya Joshi,diya.joshi@outlook.com,2023-03-30,PREMIUM
8,Saanvi Patel,saanvi.patel@hotmail.com,2023-06-11,REGULAR
9,John Joshi,john.joshi@yahoo.com,2023-05-23,REGULAR
10,Krishna Das,krishna.das@gmail.com,2024-04-21,PREMIUM
11,Isha Kumar,isha.kumar@hotmail.com,2025-01-17,REGULAR
12,Diya Iyer,diya.iyer@outlook.com,2023-05-27,REGULAR
13,Sai Taylor,sai.tayloryahoo.com,2025-08-04,REGULAR
14,John Taylor,john.taylor@yahoo.com,2024-10-26,PREMIUM
15,Sophia Verma,sophia.verma@yahoo.com,2023-03-07,PREMIUM
16,Isha Kumar,isha.kumar@gmail.com,2024-03-08,VIP
17,Tara Mehta,tara.mehta@yahoo.com,2025-10-19,REGULAR
18,John Chopra,john.chopra@yahoo.com,2024-06-26,REGULAR
19,William Taylor,william.taylor@outlook.com,2026-04-12,REGULAR
20,Tara Kapoor,tara.kapoor@outlook.com,2024-03-25,VIP
21,Arjun Johnson,arjun.johnson@hotmail.com,2023-07-06,PREMIUM
22,Vihaan Reddy,vihaan.reddy@yahoo.com,2025-05-14,REGULAR
23,Isha Kapoor,isha.kapoor@hotmail.com,2025-12-19,REGULAR
24,Saanvi Sharma,saanvi.sharma@gmail.com,2026-01-04,PREMIUM
25,Sophia Mehta,sophia.mehta@gmail.com,2024-08-24,REGULAR
26,Meera Sharma,meera.sharma@outlook.com,2025-10-22,PREMIUM
27,Riya Patel,riya.patel@outlook.com,2025-11-05,REGULAR
28,Arjun Joshi,arjun.joshi@yahoo.com,2026-01-09,VIP
29,Riya Sharma,riya.sharma@outlook.com,2025-09-27,REGULAR
30,Diya Das,diya.das@yahoo.com,2023-04-29,REGULAR
31,Tara Gupta,tara.gupta@gmail.com,2025-09-22,PREMIUM
32,Sophia Taylor,sophia.taylor@yahoo.com,2023-09-20,PREMIUM
33,Saanvi Nair,saanvi.nair@outlook.com,2025-12-16,PREMIUM
34,Kavya Iyer,kavya.iyer@yahoo.com,2024-09-30,REGULAR
35,Emma Joshi,emma.joshi@hotmail.com,2025-11-25,REGULAR
36,Krishna Singh,krishna.singh@gmail.com,2024-11-23,REGULAR
37,Saanvi Singh,saanvi.singh@yahoo.com,2023-01-15,REGULAR
38,John Verma,john.verma@yahoo.com,2023-05-19,VIP
39,Ananya Gupta,ananya.gupta@yahoo.com,2024-07-24,PREMIUM
40,Reyansh Taylor,reyansh.taylor@yahoo.com,2026-03-15,REGULAR
41,Krishna Smith,krishna.smith@hotmail.com,2024-01-25,REGULAR
42,Emma Malhotra,emma.malhotra@outlook.com,2025-05-17,REGULAR
43,William Verma,william.verma@gmail.com,2023-05-05,REGULAR
44,Ananya Patel,ananya.patel@yahoo.com,2024-01-28,REGULAR
45,Meera Reddy,meera.reddy@hotmail.com,2024-01-11,REGULAR
46,Krishna Gupta,krishna.gupta@hotmail.com,2026-02-01,REGULAR
47,John Taylor,john.taylor@gmail.com,2023-07-11,VIP
48,Krishna Nair,krishna.nair@hotmail.com,2025-09-21,REGULAR
49,Isha Verma,isha.verma@yahoo.com,2025-02-15,REGULAR
50,Isha Kumar,isha.kumar@hotmail.com,2024-08-07,REGULAR
51,William Taylor,william.taylor@hotmail.com,2023-11-14,REGULAR
52,Reyansh Verma,reyansh.verma@gmail.com,2024-10-04,REGULAR
53,Tara Smith,tara.smithyahoo.com,2025-11-06,REGULAR
54,Sai Gupta,sai.gupta@gmail.com,2024-04-26,REGULAR
55,Tara Singh,tara.singh@gmail.com,2026-06-22,REGULAR
56,Emma Wilson,emma.wilson@outlook.com,2024-06-18,REGULAR
57,Olivia Mehta,olivia.mehta@yahoo.com,2024-06-27,REGULAR
58,Emma Das,emma.das@,2023-05-29,REGULAR
59,Zara Wilson,zara.wilson@gmail.com,2023-05-31,REGULAR
60,Riya Kumar,riya.kumar@yahoo.com,2024-12-15,PREMIUM
61,Krishna Joshi,krishna.joshi@outlook.com,2023-11-20,REGULAR
62,Saanvi Das,saanvi.das@gmail.com,2026-02-09,REGULAR
63,Emma Patel,emma.patel@yahoo.com,2024-06-25,REGULAR
64,Vihaan Taylor,vihaan.taylor@yahoo.com,2024-07-11,REGULAR
65,Reyansh Mehta,reyansh.mehta@yahoo.com,2024-06-24,REGULAR
66,Ishaan Verma,ishaan.verma@gmail.com,2025-05-17,PREMIUM
67,Vivaan Sharma,vivaan.sharma@outlook.com,2023-09-25,REGULAR
68,Ishaan Nair,ishaan.nair@hotmail.com,2026-02-03,PREMIUM
69,Saanvi Sharma,saanvi.sharma@gmail.com,2023-06-04,VIP
70,Olivia Reddy,olivia.reddy@gmail.com,2025-01-26,REGULAR
71,Arjun Malhotra,arjun.malhotra@yahoo.com,2023-03-27,REGULAR
72,James Verma,james.vermaoutlook.com,2024-05-26,PREMIUM
73,Diya Taylor,diya.taylor@hotmail.com,2026-06-25,PREMIUM
74,Krishna Nair,krishna.nair@yahoo.com,2025-04-24,REGULAR
75,William Mehta,william.mehta@hotmail.com,2024-05-23,REGULAR
76,James Patel,james.patel@hotmail.com,2023-03-21,PREMIUM
77,Krishna Iyer,krishna.iyer@hotmail.com,2024-12-17,REGULAR
78,James Singh,james.singh@yahoo.com,2023-02-18,PREMIUM
79,Isha Mehta,isha.mehta@outlook.com,2023-05-23,VIP
80,Ishaan Joshi,ishaan.joshi@hotmail.com,2026-01-03,REGULAR
81,Aarav Patel,aarav.patel@outlook.com,2024-01-01,REGULAR
82,Ishaan Verma,ishaan.verma@gmail.com,2026-05-06,REGULAR
83,William Mehta,william.mehta@hotmail.com,2026-05-26,VIP
84,Vihaan Kapoor,vihaan.kapoor@yahoo.com,2024-06-05,REGULAR
85,Kavya Sharma,kavya.sharma@yahoo.com,2025-01-15,REGULAR
86,Emma Mehta,emma.mehta@outlook.com,2023-09-13,PREMIUM
87,Rohan Johnson,rohan.johnson@outlook.com,2025-04-16,REGULAR
88,Olivia Das,olivia.das@yahoo.com,2024-01-28,REGULAR
89,Isha Nair,isha.nair@outlook.com,2025-04-11,REGULAR
90,Aarav Das,aarav.das@outlook.com,2024-03-06,REGULAR
91,Tara Mehta,tara.mehta@hotmail.com,2025-06-23,REGULAR
92,Reyansh Johnson,reyansh.johnson@hotmail.com,2023-12-14,PREMIUM
93,Rohan Johnson,rohan.johnson@outlook.com,2023-07-11,PREMIUM
94,Sophia Singh,sophia.singh@outlook.com,2024-04-05,PREMIUM
95,Arjun Sharma,arjun.sharma@gmail.com,2024-05-16,VIP
96,Zara Gupta,zara.gupta@hotmail.com,2025-04-28,PREMIUM
97,Tara Iyer,tara.iyer@hotmail.com,2025-10-09,REGULAR
98,Arjun Sharma,arjun.sharma@gmail.com,2025-05-20,REGULAR
99,James Johnson,james.johnson@hotmail.com,2023-04-13,REGULAR
100,Vihaan Chopra,vihaan.chopra@yahoo.com,2025-08-09,PREMIUM
101,Saanvi Mehta,saanvi.mehta@hotmail.com,2026-06-08,PREMIUM
102,Riya Malhotra,riya.malhotra@hotmail.com,2023-11-22,PREMIUM
103,Priya Chopra,priya.chopra@outlook.com,2024-05-21,PREMIUM
104,Ishaan Johnson,ishaan.johnson@hotmail.com,2024-05-04,REGULAR
105,Aditya Das,aditya.das@yahoo.com,2024-07-10,REGULAR
106,Saanvi Gupta,saanvi.gupta@yahoo.com,2023-11-05,REGULAR
107,Olivia Reddy,olivia.reddy@yahoo.com,2023-05-12,REGULAR
108,Ananya Taylor,ananya.taylor@hotmail.com,2025-05-01,REGULAR
109,Kavya Kapoor,kavya.kapoor@gmail.com,2026-03-25,REGULAR
110,Aarav Joshi,aarav.joshi@outlook.com,2025-03-09,PREMIUM
111,Kavya Taylor,kavya.taylor@yahoo.com,2025-09-26,REGULAR
112,Kavya Smith,kavya.smith@gmail.com,2025-03-07,REGULAR
113,Emma Kapoor,emma.kapoor@yahoo.com,2025-08-15,VIP
114,Zara Taylor,zara.taylor@gmail.com,2025-03-17,REGULAR
115,Emma Sharma,emma.sharma@,2023-10-05,PREMIUM
116,Sai Verma,sai.verma@outlook.com,2025-02-15,REGULAR
117,Meera Mehta,meera.mehta@outlook.com,2025-02-15,REGULAR
118,Kavya Kumar,kavya.kumar@gmail.com,2025-08-21,REGULAR
119,Saanvi Verma,saanvi.verma@outlook.com,2024-04-04,PREMIUM
120,Sophia Verma,sophia.verma@gmail.com,2024-05-21,REGULAR
121,Aarav Reddy,aarav.reddy@yahoo.com,2023-09-16,REGULAR
122,Vihaan Wilson,vihaan.wilson@yahoo.com,2025-08-10,PREMIUM
123,Sophia Joshi,sophia.joshi@yahoo.com,2026-05-25,REGULAR
124,William Patel,william.patel@yahoo.com,2024-09-29,REGULAR
125,Aarav Das,aarav.das@hotmail.com,2025-03-23,VIP
126,Reyansh Gupta,reyansh.guptayahoo.com,2024-09-09,PREMIUM
127,Zara Patel,zara.patel@gmail.com,2024-12-12,REGULAR
128,Emma Joshi,emma.joshi@gmail.com,2025-11-02,REGULAR
129,Aarav Malhotra,aarav.malhotra@hotmail.com,2023-08-05,REGULAR
130,Diya Chopra,diya.chopra@yahoo.com,2025-06-10,REGULAR
131,Riya Kumar,riya.kumar@hotmail.com,2025-08-10,REGULAR
132,William Wilson,william.wilson@outlook.com,2024-10-22,PREMIUM
133,Aditya Kumar,aditya.kumar@hotmail.com,2024-05-14,PREMIUM
134,Tara Kapoor,tara.kapoor@outlook.com,2023-02-28,REGULAR
135,Ananya Nair,ananya.nair@hotmail.com,2024-03-10,REGULAR
136,Ishaan Mehta,ishaan.mehta@outlook.com,2026-05-05,PREMIUM
137,Ishaan Taylor,ishaan.taylor@gmail.com,2025-11-24,VIP
138,Aditya Singh,aditya.singh@hotmail.com,2025-09-27,REGULAR
139,Krishna Smith,krishna.smith@hotmail.com,2025-07-06,PREMIUM
140,Aditya Das,aditya.das@yahoo.com,2025-04-08,PREMIUM
141,Rohan Wilson,rohan.wilson@,2026-02-07,REGULAR
142,Kavya Taylor,kavya.taylor@outlook.com,2024-12-21,PREMIUM
143,Ishaan Das,ishaan.das@outlook.com,2024-04-17,REGULAR
144,Reyansh Mehta,reyansh.mehta@gmail.com,2026-01-02,VIP
145,Olivia Nair,olivia.nair@yahoo.com,2024-03-19,PREMIUM
146,Ishaan Wilson,ishaan.wilson@outlook.com,2023-07-25,PREMIUM
147,Rohan Singh,rohan.singh@outlook.com,2024-01-03,REGULAR
148,Olivia Taylor,olivia.taylor@yahoo.com,2024-07-15,REGULAR
149,Vivaan Taylor,vivaan.taylor@outlook.com,2023-09-16,REGULAR
150,Sophia Smith,sophia.smith@gmail.com,2023-01-26,REGULAR
151,Priya Smith,priya.smith@hotmail.com,2024-11-28,REGULAR
152,Vivaan Kumar,vivaan.kumar@hotmail.com,2023-08-22,PREMIUM
153,Isha Smith,isha.smith@gmail.com,2026-03-27,REGULAR
154,Vivaan Reddy,vivaan.reddy@yahoo.com,2026-02-26,VIP
155,Aditya Singh,aditya.singh@gmail.com,2026-02-16,PREMIUM
156,Zara Singh,zara.singh@hotmail.com,2025-07-11,VIP
157,Rohan Wilson,rohan.wilson@hotmail.com,2024-09-17,REGULAR
158,Vivaan Patel,vivaan.patel@yahoo.com,2024-03-08,REGULAR
159,Aditya Nair,aditya.nair@yahoo.com,2023-12-22,REGULAR
160,Sai Sharma,sai.sharma@hotmail.com,2025-07-11,PREMIUM
161,Priya Das,priya.das@gmail.com,2024-04-19,REGULAR
162,Rohan Chopra,rohan.chopra@gmail.com,2024-04-23,VIP
163,James Wilson,james.wilson@yahoo.com,2025-05-20,REGULAR
164,Krishna Reddy,krishna.reddy@outlook.com,2023-10-19,REGULAR
165,Sai Das,sai.das@outlook.com,2025-06-18,REGULAR
166,Olivia Das,olivia.das@hotmail.com,2024-07-11,REGULAR
167,Priya Chopra,priya.chopra@gmail.com,2026-05-09,REGULAR
168,Kavya Mehta,kavya.mehta@outlook.com,2023-02-22,REGULAR
169,Emma Wilson,emma.wilson@gmail.com,2024-07-05,REGULAR
170,Sophia Nair,sophia.nair@hotmail.com,2025-11-28,PREMIUM
171,Ishaan Nair,ishaan.nair@hotmail.com,2025-10-04,VIP
172,Priya Joshi,priya.joshi@hotmail.com,2024-11-13,REGULAR
173,Vihaan Nair,vihaan.nair@outlook.com,2025-04-23,PREMIUM
174,Rohan Kapoor,rohan.kapoor@gmail.com,2025-07-20,REGULAR
175,Ishaan Mehta,ishaan.mehta@gmail.com,2025-04-07,PREMIUM
176,Aarav Taylor,aarav.taylor@hotmail.com,2025-04-26,REGULAR
177,Riya Joshi,riya.joshi@hotmail.com,2025-06-24,PREMIUM
178,Reyansh Kumar,reyansh.kumar@yahoo.com,2024-08-12,REGULAR
179,Olivia Smith,olivia.smith@gmail.com,2023-03-01,VIP
180,Zara Singh,zara.singh@yahoo.com,2024-09-28,REGULAR
181,Saanvi Malhotra,saanvi.malhotra@gmail.com,2024-04-05,VIP
182,Vihaan Chopra,vihaan.chopra@gmail.com,2023-11-12,REGULAR
183,Olivia Das,olivia.das@outlook.com,2025-04-30,PREMIUM
184,Priya Singh,priya.singh@hotmail.com,2026-02-02,REGULAR
185,Reyansh Johnson,reyansh.johnson@yahoo.com,2023-05-23,REGULAR
186,James Malhotra,james.malhotra@outlook.com,2025-11-05,REGULAR
187,Aarav Das,aarav.das@outlook.com,2026-04-17,REGULAR
188,Emma Smith,emma.smith@yahoo.com,2025-07-03,REGULAR
189,Diya Mehta,diya.mehta@hotmail.com,2025-07-21,VIP
190,Reyansh Singh,reyansh.singh@hotmail.com,2024-04-23,PREMIUM
191,Kavya Verma,kavya.verma@outlook.com,2025-08-26,PREMIUM
192,James Kapoor,james.kapoor@hotmail.com,2023-11-08,REGULAR
193,Vivaan Reddy,vivaan.reddy@outlook.com,2023-07-25,PREMIUM
194,Meera Patel,meera.patel@hotmail.com,2023-02-01,PREMIUM
195,Kavya Reddy,kavya.reddy@gmail.com,2025-08-19,PREMIUM
196,Ishaan Mehta,ishaan.mehta@hotmail.com,2023-06-14,PREMIUM
197,Emma Taylor,emma.taylor@hotmail.com,2024-10-10,REGULAR
198,Sophia Smith,sophia.smith@gmail.com,2026-06-18,REGULAR
199,John Das,john.das@yahoo.com,2023-07-05,REGULAR
200,Vihaan Patel,vihaan.patel@hotmail.com,2023-12-07,PREMIUM
201,Aarav Verma,aarav.verma@outlook.com,2023-04-25,REGULAR
202,Diya Malhotra,diya.malhotra@yahoo.com,2024-05-15,REGULAR
203,Tara Nair,tara.nair@yahoo.com,2023-12-25,REGULAR
204,Isha Singh,isha.singh@hotmail.com,2026-04-09,REGULAR
205,Meera Kumar,meera.kumar@hotmail.com,2024-06-06,PREMIUM
206,James Chopra,james.chopra@outlook.com,2026-01-24,REGULAR
207,Meera Joshi,meera.joshi@outlook.com,2025-05-18,PREMIUM
208,Meera Das,meera.das@yahoo.com,2025-02-26,PREMIUM
209,Vihaan Singh,vihaan.singh@hotmail.com,2026-03-17,REGULAR
210,Rohan Das,rohan.das@gmail.com,2025-03-21,REGULAR
211,Tara Verma,tara.verma@hotmail.com,2024-08-09,PREMIUM
212,Krishna Joshi,krishna.joshi@yahoo.com,2024-01-25,REGULAR
213,Emma Reddy,emma.reddy@gmail.com,2023-03-22,REGULAR
214,Meera Verma,meera.verma@outlook.com,2023-09-27,REGULAR
215,Rohan Mehta,rohan.mehta@hotmail.com,2023-12-26,REGULAR
216,James Taylor,james.taylor@outlook.com,2025-12-23,REGULAR
217,Ishaan Nair,ishaan.nair@outlook.com,2025-09-13,VIP
218,Rohan Mehta,rohan.mehta@gmail.com,2025-08-17,VIP
219,Arjun Singh,arjun.singh@hotmail.com,2026-02-15,REGULAR
220,James Kapoor,james.kapoor@gmail.com,2024-06-25,REGULAR
221,Meera Joshi,meera.joshi@outlook.com,2026-04-12,REGULAR
222,John Joshi,john.joshi@gmail.com,2024-04-23,REGULAR
223,Zara Taylor,zara.taylor@outlook.com,2026-06-03,REGULAR
224,Aditya Chopra,aditya.chopra@outlook.com,2025-04-16,REGULAR
225,Vivaan Verma,vivaan.verma@outlook.com,2025-10-05,REGULAR
226,Krishna Taylor,krishna.taylor@yahoo.com,2025-03-06,REGULAR
227,Emma Taylor,emma.taylor@hotmail.com,2026-04-17,PREMIUM
228,Arjun Malhotra,arjun.malhotra@gmail.com,2025-09-29,REGULAR
229,Ishaan Verma,ishaan.verma@outlook.com,2024-03-20,REGULAR
230,Krishna Joshi,krishna.joshi@gmail.com,2025-01-22,REGULAR
231,John Joshi,john.joshi@gmail.com,2025-03-26,REGULAR
232,Vihaan Chopra,vihaan.chopra@gmail.com,2024-03-10,REGULAR
233,Zara Sharma,zara.sharma@gmail.com,2024-11-14,REGULAR
234,Arjun Wilson,arjun.wilson@yahoo.com,2023-05-21,PREMIUM
235,Saanvi Iyer,saanvi.iyer@yahoo.com,2024-04-22,REGULAR
236,Arjun Sharma,arjun.sharma@outlook.com,2023-10-24,VIP
237,Saanvi Kumar,saanvi.kumar@yahoo.com,2023-08-14,PREMIUM
238,Aarav Reddy,aarav.reddy@gmail.com,2025-01-03,PREMIUM
239,Krishna Wilson,krishna.wilson@outlook.com,2023-02-02,REGULAR
240,Vivaan Reddy,vivaan.reddy@hotmail.com,2025-12-13,REGULAR
241,Aditya Smith,aditya.smith@hotmail.com,2025-01-11,REGULAR
242,Vihaan Chopra,vihaan.chopra@yahoo.com,2026-06-13,REGULAR
243,James Johnson,james.johnson@outlook.com,2025-07-27,REGULAR
244,Aarav Verma,aarav.verma@hotmail.com,2025-04-02,REGULAR
245,Vihaan Smith,vihaan.smith@hotmail.com,2023-05-31,PREMIUM
246,Ananya Reddy,ananya.reddy@gmail.com,2023-09-16,REGULAR
247,John Wilson,john.wilson@outlook.com,2025-02-19,VIP
248,Riya Das,riya.das@hotmail.com,2025-11-01,REGULAR
249,Vihaan Patel,vihaan.patel@yahoo.com,2025-05-30,REGULAR
250,Krishna Malhotra,krishna.malhotra@outlook.com,2025-07-17,REGULAR
251,William Patel,william.patel@outlook.com,2025-05-24,REGULAR
252,Ishaan Joshi,ishaan.joshi@yahoo.com,2025-08-29,REGULAR
253,Aditya Gupta,aditya.gupta@hotmail.com,2023-07-17,PREMIUM
254,Diya Reddy,diya.reddy@gmail.com,2026-04-16,VIP
255,Saanvi Mehta,saanvi.mehta@gmail.com,2025-04-21,REGULAR
256,Emma Malhotra,emma.malhotra@gmail.com,2024-08-12,REGULAR
257,Diya Patel,diya.patel@yahoo.com,2023-11-13,PREMIUM
258,Krishna Patel,krishna.patel@outlook.com,2026-02-13,REGULAR
259,Sophia Kumar,sophia.kumar@yahoo.com,2025-05-28,PREMIUM
260,Sophia Taylor,sophia.taylor@gmail.com,2026-06-01,VIP
261,Olivia Kumar,olivia.kumar@gmail.com,2024-01-05,REGULAR
262,Sophia Das,sophia.das@outlook.com,2024-12-19,REGULAR
263,Arjun Wilson,arjun.wilson@hotmail.com,2023-05-23,REGULAR
264,John Sharma,john.sharma@gmail.com,2025-12-22,REGULAR
265,Kavya Chopra,kavya.chopra@outlook.com,2023-11-19,REGULAR
266,William Mehta,william.mehta@gmail.com,2023-04-18,REGULAR
267,Sophia Verma,sophia.verma@gmail.com,2024-07-11,REGULAR
268,Kavya Smith,kavya.smith@hotmail.com,2025-04-28,REGULAR
269,Sophia Johnson,sophia.johnson@gmail.com,2024-12-07,REGULAR
270,Rohan Wilson,rohan.wilson@hotmail.com,2025-12-15,PREMIUM
271,Vivaan Singh,vivaan.singh@hotmail.com,2026-05-12,REGULAR
272,Reyansh Das,reyansh.das@yahoo.com,2023-10-09,PREMIUM
273,Rohan Mehta,rohan.mehta@gmail.com,2023-01-16,REGULAR
274,Kavya Nair,kavya.nair@yahoo.com,2025-02-17,REGULAR
275,Krishna Johnson,krishna.johnson@outlook.com,2023-05-28,REGULAR
276,William Verma,william.verma@hotmail.com,2023-02-08,REGULAR
277,Aditya Mehta,aditya.mehta@hotmail.com,2026-03-20,REGULAR
278,John Malhotra,john.malhotra@outlook.com,2023-08-24,REGULAR
279,Ananya Nair,ananya.nair@hotmail.com,2025-01-11,REGULAR
280,Vihaan Singh,vihaan.singh@hotmail.com,2026-04-21,REGULAR
281,Aditya Kapoor,aditya.kapoor@outlook.com,2024-11-26,REGULAR
282,Sophia Nair,sophia.nair@gmail.com,2025-11-11,REGULAR
283,Riya Johnson,riya.johnson@yahoo.com,2024-12-16,REGULAR
284,John Reddy,john.reddy@yahoo.com,2023-07-30,REGULAR
285,Reyansh Nair,reyansh.nair@yahoo.com,2023-06-04,REGULAR
286,Sophia Smith,sophia.smith@hotmail.com,2026-02-28,PREMIUM
287,Meera Wilson,meera.wilson@outlook.com,2024-10-09,REGULAR
288,Aditya Smith,aditya.smith@hotmail.com,2024-09-12,PREMIUM
289,Tara Verma,tara.verma@outlook.com,2025-11-05,REGULAR
290,Meera Chopra,meera.chopra@gmail.com,2023-04-27,REGULAR
291,Rohan Gupta,rohan.gupta@gmail.com,2026-06-13,REGULAR
292,Isha Chopra,isha.chopra@gmail.com,2025-07-10,VIP
293,Tara Iyer,tara.iyer@outlook.com,2026-05-24,REGULAR
294,Arjun Verma,arjun.verma@hotmail.com,2023-07-31,PREMIUM
295,Ananya Gupta,ananya.gupta@yahoo.com,2023-03-22,REGULAR
296,Meera Chopra,meera.chopra@yahoo.com,2025-01-15,REGULAR
297,Rohan Kapoor,rohan.kapoor@hotmail.com,2024-11-23,PREMIUM
298,Vivaan Mehta,vivaan.mehta@gmail.com,2024-11-06,REGULAR
299,Emma Kapoor,emma.kapoor@outlook.com,2024-05-31,PREMIUM
300,Emma Reddy,emma.reddy@outlook.com,2023-06-16,REGULAR
301,Arjun Joshi,arjun.joshi@outlook.com,2025-03-13,REGULAR
302,Olivia Gupta,olivia.gupta@outlook.com,2026-02-18,REGULAR
303,James Mehta,james.mehta@yahoo.com,2025-12-14,REGULAR
304,Emma Malhotra,emma.malhotra@outlook.com,2023-02-07,REGULAR
305,Sai Iyer,sai.iyer@outlook.com,2025-09-22,REGULAR
306,Arjun Reddy,arjun.reddy@gmail.com,2024-08-28,PREMIUM
307,Vihaan Johnson,vihaan.johnson@gmail.com,2024-11-20,PREMIUM
308,Zara Reddy,zara.reddy@hotmail.com,2023-11-12,REGULAR
309,Olivia Nair,olivia.nair@hotmail.com,2023-03-31,REGULAR
310,Emma Singh,emma.singh@hotmail.com,2026-06-04,REGULAR
311,William Chopra,william.chopra@yahoo.com,2025-12-29,REGULAR
312,James Smith,james.smith@yahoo.com,2025-01-23,PREMIUM
313,Tara Chopra,tara.chopra@hotmail.com,2024-07-31,PREMIUM
314,Riya Johnson,riya.johnson@hotmail.com,2023-11-28,PREMIUM
315,James Reddy,james.reddy@outlook.com,2023-04-17,REGULAR
316,Diya Taylor,diya.taylor@gmail.com,2025-11-22,PREMIUM
317,Rohan Gupta,rohan.gupta@yahoo.com,2024-07-12,REGULAR
318,Riya Reddy,riya.reddy@hotmail.com,2023-07-07,VIP
319,Krishna Chopra,krishna.chopra@outlook.com,2023-02-24,REGULAR
320,Isha Johnson,isha.johnson@outlook.com,2024-04-27,REGULAR
321,Aditya Joshi,aditya.joshi@yahoo.com,2023-02-27,REGULAR
322,Vihaan Mehta,vihaan.mehta@yahoo.com,2023-10-09,REGULAR
323,Priya Reddy,priya.reddy@hotmail.com,2025-07-07,REGULAR
324,Aditya Sharma,aditya.sharma@outlook.com,2024-03-17,PREMIUM
325,Saanvi Johnson,saanvi.johnson@hotmail.com,2023-08-16,PREMIUM
326,Krishna Das,krishna.das@gmail.com,2023-04-08,REGULAR
327,John Chopra,john.chopra@gmail.com,2023-08-16,PREMIUM
328,Priya Taylor,priya.taylorgmail.com,2023-10-22,REGULAR
329,Aarav Joshi,aarav.joshi@yahoo.com,2026-03-14,REGULAR
330,Emma Gupta,emma.gupta@outlook.com,2023-05-19,VIP
331,Saanvi Johnson,saanvi.johnson@gmail.com,2025-03-10,PREMIUM
332,Vivaan Kapoor,vivaan.kapoor@outlook.com,2024-06-03,PREMIUM
333,Diya Gupta,diya.gupta@outlook.com,2024-05-08,PREMIUM
334,John Patel,john.patel@outlook.com,2023-10-01,REGULAR
335,Saanvi Mehta,saanvi.mehta@yahoo.com,2025-08-09,VIP
336,Priya Nair,priya.nair@yahoo.com,2023-05-10,PREMIUM
337,Meera Verma,meera.verma@outlook.com,2024-02-17,REGULAR
338,Reyansh Verma,reyansh.verma@outlook.com,2024-09-27,REGULAR
339,Saanvi Smith,saanvi.smith@outlook.com,2023-03-16,PREMIUM
340,Reyansh Das,reyansh.das@outlook.com,2023-04-08,PREMIUM
341,Ananya Kumar,ananya.kumar@gmail.com,2025-01-23,REGULAR
342,Isha Chopra,isha.chopra@hotmail.com,2024-11-25,VIP
343,Priya Smith,priya.smith@outlook.com,2025-11-29,REGULAR
344,Aditya Malhotra,aditya.malhotra@gmail.com,2025-05-31,REGULAR
345,Sai Taylor,sai.taylor@outlook.com,2024-10-19,REGULAR
346,Ananya Das,ananya.das@outlook.com,2025-07-02,REGULAR
347,Kavya Nair,kavya.nair@hotmail.com,2024-12-20,REGULAR
348,William Joshi,william.joshi@hotmail.com,2024-07-16,REGULAR
349,James Verma,james.verma@gmail.com,2025-04-11,REGULAR
350,James Nair,james.nair@gmail.com,2023-10-20,PREMIUM
351,Emma Chopra,emma.chopra@gmail.com,2023-09-16,REGULAR
352,Sophia Joshi,sophia.joshi@outlook.com,2025-02-23,VIP
353,Vivaan Reddy,vivaan.reddy@hotmail.com,2025-01-29,REGULAR
354,Sophia Gupta,sophia.gupta@yahoo.com,2025-12-20,REGULAR
355,Ananya Kumar,ananya.kumar@yahoo.com,2023-08-21,REGULAR
356,Sai Smith,sai.smith@hotmail.com,2026-02-24,REGULAR
357,Sophia Kumar,sophia.kumar@hotmail.com,2024-03-15,VIP
358,Rohan Smith,rohan.smith@yahoo.com,2023-09-09,REGULAR
359,Aditya Chopra,aditya.chopra@yahoo.com,2025-06-30,VIP
360,James Mehta,james.mehta@outlook.com,2023-05-13,REGULAR
361,Rohan Das,rohan.das@yahoo.com,2023-12-23,PREMIUM
362,Riya Singh,riya.singh@gmail.com,2024-02-16,PREMIUM
363,Krishna Smith,krishna.smith@gmail.com,2025-01-09,REGULAR
364,Diya Chopra,diya.chopra@yahoo.com,2026-06-07,PREMIUM
365,Aditya Das,aditya.das@hotmail.com,2025-09-07,REGULAR
366,Sophia Malhotra,sophia.malhotra@gmail.com,2023-09-14,VIP
367,John Gupta,john.gupta@hotmail.com,2025-08-12,PREMIUM
368,Diya Reddy,diya.reddy@yahoo.com,2023-09-22,REGULAR
369,Vivaan Patel,vivaan.patel@yahoo.com,2024-09-14,REGULAR
370,Ananya Singh,ananya.singh@outlook.com,2025-11-28,PREMIUM
371,Aditya Kumar,aditya.kumar@yahoo.com,2026-02-02,REGULAR
372,John Das,john.das@gmail.com,2025-10-26,REGULAR
373,Tara Wilson,tara.wilson@yahoo.com,2023-12-17,PREMIUM
374,William Mehta,william.mehta@gmail.com,2023-02-28,REGULAR
375,John Wilson,john.wilson@outlook.com,2024-03-07,PREMIUM
376,Kavya Sharma,kavya.sharma@hotmail.com,2026-01-22,REGULAR
377,Rohan Smith,rohan.smith@yahoo.com,2025-04-11,REGULAR
378,Aditya Verma,aditya.verma@,2025-05-01,REGULAR
379,Reyansh Mehta,reyansh.mehta@yahoo.com,2024-10-02,PREMIUM
380,Ananya Joshi,ananya.joshihotmail.com,2025-01-28,REGULAR
381,Vihaan Mehta,vihaan.mehta@yahoo.com,2025-08-13,REGULAR
382,Meera Singh,meera.singh@yahoo.com,2023-07-18,REGULAR
383,Isha Malhotra,isha.malhotra@yahoo.com,2023-11-24,PREMIUM
384,Tara Mehta,tara.mehta@yahoo.com,2023-11-23,REGULAR
385,Riya Chopra,riya.chopra@hotmail.com,2024-09-23,REGULAR
386,Aditya Kapoor,aditya.kapoor@hotmail.com,2024-05-08,REGULAR
387,Diya Verma,diya.verma@gmail.com,2024-07-30,REGULAR
388,John Smith,john.smith@outlook.com,2026-01-04,REGULAR
389,Vihaan Malhotra,vihaan.malhotra@yahoo.com,2024-06-25,PREMIUM
390,Sophia Kapoor,sophia.kapoor@outlook.com,2023-04-03,REGULAR
391,Tara Taylor,tara.taylor@yahoo.com,2025-01-12,REGULAR
392,Aditya Kapoor,aditya.kapoor@hotmail.com,2026-01-31,REGULAR
393,Zara Patel,zara.patel@yahoo.com,2023-07-18,REGULAR
394,James Mehta,james.mehta@outlook.com,2023-10-23,REGULAR
395,Riya Kapoor,riya.kapoor@gmail.com,2023-04-03,REGULAR
396,Olivia Mehta,olivia.mehta@hotmail.com,2025-11-29,REGULAR
397,Zara Johnson,zara.johnson@yahoo.com,2024-11-02,VIP
398,Ananya Nair,ananya.nair@hotmail.com,2026-06-16,PREMIUM
399,Rohan Wilson,rohan.wilson@outlook.com,2025-11-04,PREMIUM
400,Saanvi Smith,saanvi.smith@outlook.com,2025-08-30,PREMIUM
401,Diya Mehta,diya.mehta@gmail.com,2025-05-03,REGULAR
402,James Sharma,james.sharma@hotmail.com,2024-06-27,VIP
403,James Wilson,james.wilson@yahoo.com,2023-04-16,REGULAR
404,Sai Johnson,sai.johnson@hotmail.com,2023-10-30,PREMIUM
405,Krishna Verma,krishna.verma@gmail.com,2024-01-26,REGULAR
406,Ananya Malhotra,ananya.malhotra@yahoo.com,2025-04-25,PREMIUM
407,Kavya Johnson,kavya.johnson@hotmail.com,2023-05-08,PREMIUM
408,Riya Iyer,riya.iyer@outlook.com,2025-09-06,REGULAR
409,Ananya Nair,ananya.nair@hotmail.com,2025-12-27,REGULAR
410,Diya Kumar,diya.kumar@hotmail.com,2024-01-29,VIP
411,Ishaan Taylor,ishaan.taylor@outlook.com,2024-04-05,VIP
412,Rohan Das,rohan.das@yahoo.com,2025-09-28,REGULAR
413,Diya Taylor,diya.taylor@outlook.com,2024-08-12,REGULAR
414,Emma Taylor,emma.taylor@hotmail.com,2025-03-19,PREMIUM
415,Sophia Reddy,sophia.reddy@outlook.com,2023-03-28,REGULAR
416,Olivia Gupta,olivia.gupta@outlook.com,2025-06-24,PREMIUM
417,William Smith,william.smith@yahoo.com,2024-02-18,PREMIUM
418,Ishaan Taylor,ishaan.taylor@outlook.com,2023-10-09,REGULAR
419,William Wilson,william.wilson@yahoo.com,2024-05-11,REGULAR
420,Riya Singh,riya.singh@yahoo.com,2023-04-18,REGULAR
421,Ananya Smith,ananya.smith@gmail.com,2023-10-09,REGULAR
422,Saanvi Nair,saanvi.nair@hotmail.com,2025-09-01,REGULAR
423,Reyansh Das,reyansh.das@outlook.com,2024-08-07,REGULAR
424,Sophia Gupta,sophia.gupta@yahoo.com,2025-12-31,PREMIUM
425,Vivaan Nair,vivaan.nair@hotmail.com,2023-12-27,VIP
426,Vivaan Kapoor,vivaan.kapoor@hotmail.com,2024-01-17,VIP
427,Rohan Verma,rohan.verma@gmail.com,2024-09-03,REGULAR
428,Vihaan Mehta,vihaan.mehta@outlook.com,2025-07-19,VIP
429,Saanvi Johnson,saanvi.johnson@hotmail.com,2023-10-02,PREMIUM
430,Meera Kumar,meera.kumar@yahoo.com,2023-08-19,REGULAR
431,William Chopra,william.chopra@outlook.com,2024-01-17,REGULAR
432,Ananya Das,ananya.das@yahoo.com,2023-12-26,REGULAR
433,John Kapoor,john.kapoor@hotmail.com,2025-11-21,REGULAR
434,Isha Patel,isha.patel@yahoo.com,2023-10-15,REGULAR
435,Krishna Sharma,krishna.sharma@outlook.com,2025-02-24,REGULAR
436,Sophia Kumar,sophia.kumar@outlook.com,2024-09-10,REGULAR
437,Tara Sharma,tara.sharma@outlook.com,2025-01-06,PREMIUM
438,Vivaan Patel,vivaan.patel@hotmail.com,2024-09-20,REGULAR
439,Emma Johnson,emma.johnson@outlook.com,2023-08-29,REGULAR
440,Rohan Joshi,rohan.joshi@yahoo.com,2024-03-24,VIP
441,Priya Reddy,priya.reddy@hotmail.com,2026-05-25,REGULAR
442,Olivia Taylor,olivia.taylor@hotmail.com,2026-01-05,PREMIUM
443,Reyansh Singh,reyansh.singh@gmail.com,2025-12-12,REGULAR
444,Olivia Joshi,olivia.joshi@gmail.com,2026-03-01,REGULAR
445,Saanvi Johnson,saanvi.johnson@yahoo.com,2026-03-18,REGULAR
446,Sai Mehta,sai.mehta@hotmail.com,2023-08-27,PREMIUM
447,Olivia Wilson,olivia.wilson@hotmail.com,2023-07-06,PREMIUM
448,Meera Verma,meera.verma@hotmail.com,2023-09-28,REGULAR
449,Meera Wilson,meera.wilson@gmail.com,2026-02-18,REGULAR
450,James Das,james.das@gmail.com,2025-03-21,REGULAR
451,Aarav Iyer,aarav.iyer@gmail.com,2023-04-03,REGULAR
452,Olivia Gupta,olivia.gupta@gmail.com,2023-05-22,VIP
453,Priya Verma,priya.verma@outlook.com,2025-04-17,REGULAR
454,Arjun Malhotra,arjun.malhotra@outlook.com,2025-02-22,REGULAR
455,Isha Kapoor,isha.kapoor@gmail.com,2026-01-09,REGULAR
456,Diya Patel,diya.patel@yahoo.com,2026-01-05,REGULAR
457,Arjun Singh,arjun.singh@gmail.com,2023-02-16,VIP
458,Meera Taylor,meera.taylor@hotmail.com,2025-12-25,REGULAR
459,Krishna Singh,krishna.singh@hotmail.com,2024-12-09,REGULAR
460,Reyansh Patel,reyansh.patel@gmail.com,2025-05-08,REGULAR
461,Aarav Singh,aarav.singh@yahoo.com,2023-05-18,REGULAR
462,Vivaan Chopra,vivaan.chopra@gmail.com,2024-05-16,PREMIUM
463,Isha Chopra,isha.chopra@yahoo.com,2026-01-10,REGULAR
464,Sophia Verma,sophia.verma@yahoo.com,2025-10-28,VIP
465,Krishna Wilson,krishna.wilson@outlook.com,2026-03-28,REGULAR
466,Emma Mehta,emma.mehta@yahoo.com,2024-09-10,PREMIUM
467,Emma Johnson,emma.johnson@yahoo.com,2025-04-26,REGULAR
468,Vivaan Taylor,vivaan.taylor@yahoo.com,2025-05-24,REGULAR
469,Vivaan Joshi,vivaan.joshi@hotmail.com,2025-12-10,REGULAR
470,Kavya Malhotra,kavya.malhotra@yahoo.com,2024-09-06,REGULAR
471,Sophia Taylor,sophia.taylor@hotmail.com,2024-05-08,PREMIUM
472,Rohan Reddy,rohan.reddy@hotmail.com,2023-04-29,REGULAR
473,Kavya Taylor,kavya.taylor@yahoo.com,2025-03-06,REGULAR
474,Reyansh Mehta,reyansh.mehta@gmail.com,2025-07-10,PREMIUM
475,Aditya Taylor,aditya.taylor@yahoo.com,2023-04-16,REGULAR
476,Emma Verma,emma.verma@gmail.com,2024-01-21,PREMIUM
477,Tara Taylor,tara.taylor@yahoo.com,2025-09-08,REGULAR
478,Ananya Das,ananya.das@gmail.com,2024-03-09,VIP
479,William Patel,william.patel@hotmail.com,2024-05-11,PREMIUM
480,Olivia Iyer,olivia.iyer@hotmail.com,2024-05-05,REGULAR
481,Sophia Das,sophia.das@hotmail.com,2025-08-12,REGULAR
482,Diya Das,diya.das@outlook.com,2025-01-06,REGULAR
483,Priya Chopra,priya.chopra@gmail.com,2025-08-19,PREMIUM
484,Ananya Iyer,ananya.iyer@outlook.com,2024-10-02,REGULAR
485,Tara Singh,tara.singh@yahoo.com,2023-02-03,REGULAR
486,Tara Wilson,tara.wilson@hotmail.com,2024-08-27,REGULAR
487,Ananya Singh,ananya.singh@hotmail.com,2026-03-12,PREMIUM
488,Priya Taylor,priya.taylor@outlook.com,2024-06-11,PREMIUM
489,Priya Smith,priya.smith@hotmail.com,2023-12-11,PREMIUM
490,Diya Nair,diya.nair@yahoo.com,2026-01-24,REGULAR
491,Saanvi Verma,saanvi.verma@gmail.com,2023-06-02,VIP
492,Emma Verma,emma.verma@gmail.com,2025-04-24,REGULAR
493,John Singh,john.singh@gmail.com,2023-11-06,REGULAR
494,Riya Chopra,riya.chopra@outlook.com,2023-05-04,REGULAR
495,Emma Smith,emma.smith@hotmail.com,2023-02-02,REGULAR
496,Saanvi Malhotra,saanvi.malhotra@gmail.com,2023-02-04,REGULAR
497,Ishaan Taylor,ishaan.taylor@outlook.com,2023-02-05,REGULAR
498,Olivia Malhotra,olivia.malhotra@yahoo.com,2023-08-08,VIP
499,Riya Reddy,riya.reddy@yahoo.com,2024-01-29,REGULAR
500,Ishaan Joshi,ishaan.joshi@outlook.com,2025-03-23,REGULAR
